dokumen_id,tabel_id,nama_tabel,min_bulan,max_bulan,nilai_bulan,pasal,confidence,dasar_keyakinan
PP-35-2021,UP-0-12,uang_pesangon,0,12,1,Pasal 40 ayat (2)a,0.95,dikutip
PP-35-2021,UP-12-24,uang_pesangon,12,24,2,Pasal 40 ayat (2)b,0.95,dikutip
PP-35-2021,UP-24-36,uang_pesangon,24,36,3,Pasal 40 ayat (2)c,0.95,dikutip
PP-35-2021,UP-36-48,uang_pesangon,36,48,4,Pasal 40 ayat (2)d,0.95,dikutip
PP-35-2021,UP-48-60,uang_pesangon,48,60,5,Pasal 40 ayat (2)e,0.95,dikutip
PP-35-2021,UP-60-72,uang_pesangon,60,72,6,Pasal 40 ayat (2)f,0.95,dikutip
PP-35-2021,UP-72-84,uang_pesangon,72,84,7,Pasal 40 ayat (2)g,0.95,dikutip
PP-35-2021,UP-84-96,uang_pesangon,84,96,8,Pasal 40 ayat (2)h,0.95,dikutip
PP-35-2021,UP-96-INF,uang_pesangon,96,,9,Pasal 40 ayat (2)i,0.95,dikutip
PP-35-2021,UPMK-36-72,upmk,36,72,2,Pasal 40 ayat (3)a,0.95,dikutip
PP-35-2021,UPMK-72-108,upmk,72,108,3,Pasal 40 ayat (3)b,0.95,dikutip
PP-35-2021,UPMK-108-144,upmk,108,144,4,Pasal 40 ayat (3)c,0.95,dikutip
PP-35-2021,UPMK-144-180,upmk,144,180,5,Pasal 40 ayat (3)d,0.95,dikutip
PP-35-2021,UPMK-180-216,upmk,180,216,6,Pasal 40 ayat (3)e,0.95,dikutip
PP-35-2021,UPMK-216-252,upmk,216,252,7,Pasal 40 ayat (3)f,0.95,dikutip
PP-35-2021,UPMK-252-288,upmk,252,288,8,Pasal 40 ayat (3)g,0.95,dikutip
PP-35-2021,UPMK-288-INF,upmk,288,,10,Pasal 40 ayat (3)h,0.95,dikutip
