norm_id,topik,dokumen_id,pasal,iri_individu,jenis,kondisi,akibat,confidence,dasar_keyakinan,bukti,catatan
TKA-JABATAN-DAPAT-DIDUDUKI-TKA,TKA,PP-34-2021,Pasal 2 ayat (2),ktn:JabatanDapatDidudukiTKA,KetentuanTKA,Jabatan belum dapat diduduki tenaga kerja Indonesia,Jabatan dapat diduduki oleh TKA dengan memperhatikan kondisi pasar kerja dalam negeri,0.95,dikutip,"Dalam hal jabatan sebagaimana dimaksud pada ayat (1) belum dapat diduduki oleh tenaga kerja Indonesia, jabatan tersebut dapat diduduki oleh TKA.",Pasal 2 ayat (3) menambahkan syarat memperhatikan kondisi pasar kerja dalam negeri.
TKA-UTAMAKAN-TENAGA-KERJA-INDONESIA,TKA,PP-34-2021,Pasal 2 ayat (1),ktn:UtamakanTenagaKerjaIndonesia,KetentuanTKA,Setiap Pemberi Kerja TKA pada semua jenis jabatan yang tersedia,Wajib mengutamakan penggunaan tenaga kerja Indonesia,0.95,dikutip,Setiap Pemberi Kerja TKA wajib mengutamakan penggunaan tenaga kerja Indonesia pada semua jenis jabatan yang tersedia.,-
ALIH-DAYA-BADAN-HUKUM,AlihDaya,PP-35-2021,Pasal 20,ktn:KetentuanBadanHukumAlihDaya,KetentuanAlihDaya,Perusahaan alih daya,Wajib berbentuk badan hukum dan memenuhi perizinan berusaha,0.95,dikutip,Perusahaan Alih Daya harus berbentuk badan hukum dan wajib memenuhi perizinan berusaha,-
ALIH-DAYA-HUBUNGAN-KERJA,AlihDaya,PP-35-2021,Pasal 18,ktn:KetentuanPerlindunganAlihDaya,KetentuanAlihDaya,Perusahaan alih daya mempekerjakan pekerja,Perlindungan menjadi tanggung jawab perusahaan alih daya,0.95,dikutip,Hubungan Kerja antara Perusahaan Alih Daya dengan Pekerja/Buruh didasarkan pada PKWT atau PKWTT,-
ALIH-DAYA-PENGALIHAN-HAK,AlihDaya,PP-35-2021,Pasal 19,ktn:KetentuanPengalihanHakAlihDaya,KetentuanAlihDaya,Pergantian perusahaan alih daya,PKWT wajib mensyaratkan pengalihan perlindungan hak,0.95,dikutip,Perjanjian Kerja tersebut harus mensyaratkan pengalihan pelindungan hak,-
LEMBUR-MAKAN-MINUM,Lembur,PP-35-2021,Pasal 29,ktn:KetentuanMakanLembur,KetentuanLembur,Lembur 4 jam atau lebih,Wajib memberi makan dan minum minimal 1400 kkal,0.95,dikutip,menyediakan makanan dan minuman paling sedikit 1.400 kkal,diberikan bila lembur 4 jam atau lebih
LEMBUR-RUMUS-SEJAM,Lembur,PP-35-2021,Pasal 32,ktn:UpahSejamLembur,KetentuanLembur,Perhitungan upah lembur,Upah sejam = 1/173 kali upah sebulan,0.95,dikutip,Upah sejam yaitu 1/173 kali Upah sebulan,-
LEMBUR-UPAH-HARIAN,Lembur,PP-35-2021,Pasal 33,ktn:KonversiUpahHarian,KetentuanLembur,Upah dibayar harian,Upah sebulan = upah sehari x 25 (6 hari) atau x 21 (5 hari),0.95,dikutip,Upah sehari dikalikan 25 bagi 6 hari kerja atau 21 bagi 5 hari kerja,-
PHK-DITAHAN-MERUGIKAN,PHK,PP-35-2021,Pasal 54 ayat (1),ktn:DitahanMerugikan,AlasanPHK,Tidak dapat bekerja 6 bulan karena ditahan dan merugikan perusahaan,UPH + uang pisah,0.85,tafsir,uang penggantian hak dan uang pisah,tidak ada UPMK
PHK-DITAHAN-TIDAK-MERUGIKAN,PHK,PP-35-2021,Pasal 54 ayat (2),ktn:DitahanTidakMerugikan,AlasanPHK,Tidak dapat bekerja 6 bulan karena ditahan dan tidak merugikan perusahaan,UPMK 1x + UPH,0.85,tafsir,UPMK 1 kali Pasal 40 ayat (3),tidak ada UP
PHK-EFISIENSI-MENCEGAH-RUGI,PHK,PP-35-2021,Pasal 43 ayat (2),ktn:EfisiensiMencegahRugi,AlasanPHK,Efisiensi untuk mencegah terjadinya kerugian,UP 1x + UPMK 1x + UPH,0.95,dikutip,UP 1 kali Pasal 40 ayat (2),-
PHK-EFISIENSI-RUGI,PHK,PP-35-2021,Pasal 43 ayat (1),ktn:EfisiensiRugi,AlasanPHK,Efisiensi karena perusahaan mengalami kerugian,"UP 0,5x + UPMK 1x + UPH",0.95,dikutip,"UP 0,5 kali Pasal 40 ayat (2)",-
PHK-FORCE-MAJEURE-TIDAK-TUTUP,PHK,PP-35-2021,Pasal 45 ayat (2),ktn:ForceMajeureTidakTutup,AlasanPHK,Force majeure yang tidak mengakibatkan perusahaan tutup,"UP 0,75x + UPMK 1x + UPH",0.95,dikutip,"UP 0,75 kali Pasal 40 ayat (2)",-
PHK-FORCE-MAJEURE-TUTUP,PHK,PP-35-2021,Pasal 45 ayat (1),ktn:ForceMajeureTutup,AlasanPHK,Perusahaan tutup karena force majeure,"UP 0,5x + UPMK 1x + UPH",0.95,dikutip,"UP 0,5 kali Pasal 40 ayat (2)",-
PHK-MANGKIR,PHK,PP-35-2021,Pasal 51,ktn:Mangkir,AlasanPHK,Mangkir 5 hari kerja atau lebih berturut-turut setelah dipanggil 2 kali,UPH + uang pisah,0.95,dikutip,uang penggantian hak dan uang pisah,-
PHK-MENGUNDURKAN-DIRI,PHK,PP-35-2021,Pasal 50,ktn:MengundurkanDiri,AlasanPHK,Pekerja mengundurkan diri atas kemauan sendiri dan memenuhi syarat Pasal 36 huruf i,UPH + uang pisah,0.95,dikutip,uang penggantian hak dan uang pisah,-
PHK-MENINGGAL-DUNIA,PHK,PP-35-2021,Pasal 57,ktn:MeninggalDunia,AlasanPHK,Pekerja meninggal dunia,Ahli waris menerima UP 2x + UPMK 1x + UPH,0.95,dikutip,UP 2 kali Pasal 40 ayat (2),-
PHK-MERGER,PHK,PP-35-2021,Pasal 41,ktn:Merger,AlasanPHK,Penggabungan peleburan atau pemisahan perusahaan dan pekerja tidak bersedia lanjut,UP 1x + UPMK 1x + UPH,0.95,dikutip,UP 1 kali Pasal 40 ayat (2),-
PHK-PAILIT,PHK,PP-35-2021,Pasal 47,ktn:Pailit,AlasanPHK,Perusahaan pailit,"UP 0,5x + UPMK 1x + UPH",0.95,dikutip,"UP 0,5 kali Pasal 40 ayat (2)",judul pasal terbaca sebagian di sumber
PHK-PELANGGARAN-MENDESAK,PHK,PP-35-2021,Pasal 52 ayat (2),ktn:PelanggaranMendesak,AlasanPHK,Pelanggaran bersifat mendesak,UPH + uang pisah,0.95,dikutip,uang penggantian hak dan uang pisah,-
PHK-PELANGGARAN-SP,PHK,PP-35-2021,Pasal 52 ayat (1),ktn:PelanggaranSP,AlasanPHK,Pelanggaran PK/PP/PKB setelah SP1 SP2 SP3,"UP 0,5x + UPMK 1x + UPH",0.95,dikutip,"UP 0,5 kali Pasal 40 ayat (2)",-
PHK-PENGAMBILALIHAN,PHK,PP-35-2021,Pasal 42 ayat (1),ktn:Pengambilalihan,AlasanPHK,Pengambilalihan perusahaan,UP 1x + UPMK 1x + UPH,0.95,dikutip,UP 1 kali Pasal 40 ayat (2),-
PHK-PENGAMBILALIHAN-UBAH-SYARAT,PHK,PP-35-2021,Pasal 42 ayat (2),ktn:PengambilalihanUbahSyarat,AlasanPHK,Pengambilalihan yang mengubah syarat kerja dan pekerja tidak bersedia lanjut,"UP 0,5x + UPMK 1x + UPH",0.95,dikutip,"UP 0,5 kali Pasal 40 ayat (2)",-
PHK-PENSIUN,PHK,PP-35-2021,Pasal 56,ktn:Pensiun,AlasanPHK,Pekerja memasuki usia pensiun,"UP 1,75x + UPMK 1x + UPH",0.95,dikutip,"UP 1,75 kali Pasal 40 ayat (2)",-
PHK-PERBUATAN-PENGUSAHA,PHK,PP-35-2021,Pasal 48,ktn:PerbuatanPengusaha,AlasanPHK,Permohonan PHK oleh pekerja karena perbuatan pengusaha Pasal 36 huruf g,UP 1x + UPMK 1x + UPH,0.95,dikutip,UP 1 kali Pasal 40 ayat (2),-
PHK-PKPU-BUKAN-RUGI,PHK,PP-35-2021,Pasal 46 ayat (2),ktn:PKPUKarenaTidakRugi,AlasanPHK,Perusahaan dalam penundaan kewajiban pembayaran utang bukan karena rugi,UP 1x + UPMK 1x + UPH,0.95,dikutip,UP 1 kali Pasal 40 ayat (2),-
PHK-PKPU-RUGI,PHK,PP-35-2021,Pasal 46 ayat (1),ktn:PKPUKarenaRugi,AlasanPHK,Perusahaan dalam penundaan kewajiban pembayaran utang karena rugi,"UP 0,5x + UPMK 1x + UPH",0.95,dikutip,"UP 0,5 kali Pasal 40 ayat (2)",-
PHK-PUTUSAN-PPHI-TIDAK-BERSALAH,PHK,PP-35-2021,Pasal 49,ktn:PutusanPPHITidakBersalah,AlasanPHK,Putusan lembaga PPHI bahwa pengusaha tidak melakukan perbuatan Pasal 36 huruf g,UPH + uang pisah,0.85,tafsir,uang penggantian hak dan uang pisah,tidak ada UPMK
PHK-SAKIT-BERKEPANJANGAN,PHK,PP-35-2021,Pasal 55,ktn:SakitBerkepanjangan,AlasanPHK,Sakit berkepanjangan atau cacat akibat kecelakaan kerja lebih dari 12 bulan,UP 2x + UPMK 1x + UPH,0.95,dikutip,UP 2 kali Pasal 40 ayat (2),ayat (1) dan (2) sama
PHK-TUTUP-BUKAN-RUGI,PHK,PP-35-2021,Pasal 44 ayat (2),ktn:TutupBukanKarenaRugi,AlasanPHK,Perusahaan tutup bukan karena mengalami kerugian,UP 1x + UPMK 1x + UPH,0.95,dikutip,UP 1 kali Pasal 40 ayat (2),-
PHK-TUTUP-RUGI,PHK,PP-35-2021,Pasal 44 ayat (1),ktn:TutupKarenaRugi,AlasanPHK,Perusahaan tutup karena rugi terus menerus atau tidak terus menerus selama 2 tahun,"UP 0,5x + UPMK 1x + UPH",0.95,dikutip,"UP 0,5 kali Pasal 40 ayat (2)",-
PKWT-HARIAN-KONVERSI,PKWT,PP-35-2021,Pasal 10 ayat (4),ktn:KonversiHarianKePKWTT,KetentuanPKWT,Bekerja 21 hari atau lebih selama 3 bulan berturut-turut,Hubungan kerja berubah demi hukum menjadi PKWTT,0.95,dikutip,bekerja 21 hari atau lebih selama 3 bulan berturut-turut maka Hubungan Kerja demi hukum berubah berdasarkan PKWTT,-
PKWT-JANGKA-MAKS,PKWT,PP-35-2021,Pasal 8 ayat (1),ktn:BatasJangkaWaktuPKWT,KetentuanPKWT,PKWT berdasarkan jangka waktu,Paling lama 5 tahun termasuk perpanjangan,0.95,dikutip,PKWT berdasarkan jangka waktu dapat dibuat untuk paling lama 5 tahun,-
PKWT-KOMPENSASI,PKWT,PP-35-2021,Pasal 15-16,ktn:KetentuanKompensasiPKWT,KetentuanPKWT,PKWT berakhir dengan masa kerja minimal 1 bulan,Uang kompensasi = (masa kerja bagi 12) x 1 bulan upah,0.95,dikutip,PKWT selama 12 bulan secara terus menerus diberikan sebesar 1 bulan Upah,-
PKWT-PENCATATAN,PKWT,PP-35-2021,Pasal 14 ayat (1),ktn:KetentuanPencatatanPKWT,KetentuanPKWT,PKWT ditandatangani,Wajib dicatatkan daring paling lama 3 hari kerja,0.95,dikutip,PKWT harus dicatatkan secara daring paling lama 3 hari kerja sejak penandatanganan,-
PKWT-TANPA-PERCOBAAN,PKWT,PP-35-2021,Pasal 12,ktn:LaranganPercobaanPKWT,KetentuanPKWT,PKWT mensyaratkan masa percobaan,Masa percobaan batal demi hukum dan masa kerja tetap dihitung,0.95,dikutip,PKWT tidak dapat mensyaratkan adanya masa percobaan kerja,-
UPAH-MINIMUM,Upah,PP-36-2021,Pasal 23,ktn:KetentuanUpahMinimum,KetentuanUpah,Pengusaha dilarang membayar di bawah upah minimum,Upah minimum sebagai batas bawah,0.6,tidak_lengkap,Pengusaha dilarang membayar Upah lebih rendah dari Upah minimum,upah minimum per wilayah tidak disimpan
UPAH-MINIMUM-MASA-KERJA,Upah,PP-36-2021,Pasal 24,ktn:UpahMinimumMasaKerjaKurang1Tahun,KetentuanUpah,Pekerja dengan masa kerja kurang dari 1 tahun,Berlaku ketentuan upah minimum,0.6,tidak_lengkap,Upah minimum berlaku bagi Pekerja/Buruh dengan masa kerja kurang dari 1 tahun,-
JAMSOS-BATAS-UPAH-JKP,Jamsos,PP-37-2021,Pasal 11 ayat (7),ktn:BatasAtasUpahJKP,KetentuanJaminanSosial,Menghitung dasar iuran dan manfaat JKP,Batas atas Upah untuk perhitungan ditetapkan Rp5.000.000 dan dievaluasi tiap 2 tahun,0.95,dikutip,"Batas atas Upah sebagaimana dimaksud pada ayat (6) untuk pertama kali ditetapkan sebesar Rp5.000.000,00 (lima juta rupiah).",-
JAMSOS-IURAN-JKP,Jamsos,PP-37-2021,Pasal 11 ayat (2),ktn:IuranJKP,KetentuanJaminanSosial,Pekerja/Buruh menjadi Peserta program JKP,"Iuran JKP 0,46% dari Upah sebulan; Pemerintah Pusat 0,22%, rekomposisi JKK 0,14% dan JKM 0,10%",0.95,dikutip,"Iuran sebagaimana dimaksud pada ayat (1) sebesar 0,46% (nol koma empat puluh enam persen) dari Upah sebulan.",Angka belum diparameterkan; lihat tidak_termodelkan.
JAMSOS-KEPESERTAAN-JKP,Jamsos,PP-37-2021,Pasal 2 ayat (1),ktn:KepesertaanJKP,KetentuanJaminanSosial,Pekerja/Buruh bekerja pada Pengusaha,Pengusaha wajib mengikutsertakan Pekerja/Buruh sebagai Peserta program JKP,0.95,dikutip,Pengusaha wajib mengikutsertakan Pekerja/Buruh sebagai Peserta dalam program JKP,BPJS Ketenagakerjaan + Pemerintah Pusat menyelenggarakan (Pasal 3).
JAMSOS-KEWAJIBAN-PENGUSAHA-JKP,Jamsos,PP-37-2021,Pasal 37 ayat (1),ktn:KewajibanPengusahaJKP,KetentuanJaminanSosial,Pengusaha tidak mengikutsertakan pekerja dalam JKP dan terjadi PHK,Pengusaha wajib memenuhi hak berupa manfaat uang tunai sekaligus dan manfaat Pelatihan Kerja,0.95,dikutip,Pengusaha wajib memenuhi hak Pekerja/Buruh berupa: a. manfaat uang tunai ...; dan b. manfaat Pelatihan Kerja,Dikecualikan bagi pengusaha usaha mikro (Pasal 37 ayat (2)).
JAMSOS-MANFAAT-TUNAI-JKP,Jamsos,PP-37-2021,Pasal 21 ayat (1),ktn:ManfaatUangTunaiJKP,KetentuanJaminanSosial,Peserta mengalami PHK dan memenuhi syarat manfaat,Manfaat uang tunai paling banyak 6 bulan Upah: 45% untuk 3 bulan pertama dan 25% untuk 3 bulan berikutnya,0.95,dikutip,sebesar 45 % (empat puluh lima persen) dari Upah untuk 3 (tiga) bulan pertama; dan b. sebesar 25 % (dua puluh lima persen) dari Upah untuk 3 (tiga) bulan berikutnya,Formula belum diparameterkan; lihat tidak_termodelkan.
JAMSOS-MASA-IUR-JKP,Jamsos,PP-37-2021,Pasal 19 ayat (3),ktn:MasaIurJKP,KetentuanJaminanSosial,Peserta mengajukan manfaat JKP,Masa iur minimal 12 bulan dalam 24 bulan dan iuran 6 bulan berturut-turut sebelum PHK,0.95,dikutip,masa iur paling sedikit 12 (dua belas) bulan dalam 24 (dua puluh empat) bulan dan telah membayar iuran paling singkat 6 (enam) bulan berturut-turut,Angka belum diparameterkan; lihat tidak_termodelkan.
JAMSOS-PENGECUALIAN-JKP,Jamsos,PP-37-2021,Pasal 20 ayat (1),ktn:PengecualianManfaatJKP,KetentuanJaminanSosial,"PHK karena mengundurkan diri, cacat total tetap, pensiun, atau meninggal dunia",Manfaat JKP dikecualikan,0.95,dikutip,Manfaat JKP ... dikecualikan untuk alasan Pemutusan Hubungan Kerja karena: a. mengundurkan diri; b. cacat total tetap; c. pensiun; atau d. meninggal dunia.,-
JAMSOS-IURAN-JKK-JKM,Jamsos,PP-44-2015,Pasal 16-18,ktn:KetentuanIuranJKKJKM,KetentuanJaminanSosial,Iuran JKK dan JKM,Dibayar seluruhnya oleh pemberi kerja,0.95,dikutip,Iuran JKK wajib dibayar oleh Pemberi Kerja selain penyelenggara negara,-
JAMSOS-IURAN-JP,Jamsos,PP-45-2015,Pasal 25,ktn:KetentuanIuranJP,KetentuanJaminanSosial,Iuran JP,3 persen dari upah: 2 persen pemberi kerja dan 1 persen pekerja,0.95,dikutip,Iuran sebesar 3 persen dari Upah per bulan,-
JAMSOS-USIA-PENSIUN,Jamsos,PP-45-2015,Pasal 15,ktn:KetentuanUsiaPensiunJP,KetentuanJaminanSosial,Usia pensiun JP,Mulai 56 tahun dan bertambah menuju 65 tahun,0.6,dinamis,Untuk pertama kali Usia Pensiun ditetapkan 56 tahun,58 adalah posisi saat ini
JAMSOS-IURAN-JHT,Jamsos,PP-46-2015,Pasal 16 ayat (1),ktn:KetentuanIuranJHT,KetentuanJaminanSosial,Iuran JHT,"5,7 persen dari upah: 3,7 persen pemberi kerja dan 2 persen pekerja",0.95,dikutip,"Iuran JHT sebesar 5,7 persen dari Upah",-
CUTI-ANGGOTA-RUMAH-MENINGGAL,Cuti,UU-13-2003,Pasal 93 ayat (4)g,ktn:CutiAnggotaRumahMeninggal,PeristiwaCutiKhusus,Anggota keluarga serumah meninggal dunia,Cuti dibayar 1 hari,0.95,dikutip,anggota keluarga dalam satu rumah meninggal dibayar 1 hari,-
CUTI-BAPTIS-ANAK,Cuti,UU-13-2003,Pasal 93 ayat (4)d,ktn:CutiBaptisAnak,PeristiwaCutiKhusus,Membaptiskan anak,Cuti dibayar 2 hari,0.95,dikutip,membaptiskan anaknya dibayar untuk selama 2 hari,-
CUTI-ISTRI-MELAHIRKAN,Cuti,UU-13-2003,Pasal 93 ayat (4)e,ktn:CutiIstriMelahirkan,PeristiwaCutiKhusus,Istri melahirkan atau keguguran kandungan,Cuti dibayar 2 hari,0.95,dikutip,isteri melahirkan atau keguguran kandungan dibayar untuk selama 2 hari,-
CUTI-KELUARGA-MENINGGAL,Cuti,UU-13-2003,Pasal 93 ayat (4)f,ktn:CutiKeluargaMeninggal,PeristiwaCutiKhusus,Keluarga inti meninggal dunia,Cuti dibayar 2 hari,0.95,dikutip,suami/isteri orang tua/mertua atau anak atau menantu meninggal dibayar 2 hari,-
CUTI-KHITAN-ANAK,Cuti,UU-13-2003,Pasal 93 ayat (4)c,ktn:CutiKhitanAnak,PeristiwaCutiKhusus,Mengkhitankan anak,Cuti dibayar 2 hari,0.95,dikutip,mengkhitankan anaknya dibayar untuk selama 2 hari,-
CUTI-MENIKAH,Cuti,UU-13-2003,Pasal 93 ayat (4)a,ktn:CutiMenikah,PeristiwaCutiKhusus,Pekerja menikah,Cuti dibayar 3 hari,0.95,dikutip,pekerja/buruh menikah dibayar untuk selama 3 hari,-
CUTI-MENIKAHKAN-ANAK,Cuti,UU-13-2003,Pasal 93 ayat (4)b,ktn:CutiMenikahkanAnak,PeristiwaCutiKhusus,Menikahkan anak,Cuti dibayar 2 hari,0.95,dikutip,menikahkan anaknya dibayar untuk selama 2 hari,-
JAMSOS-PROGRAM,Jamsos,UU-24-2011,Pasal 6 ayat (2),ktn:KetentuanProgramJamsos,KetentuanJaminanSosial,Pekerja penerima upah,Wajib diikutsertakan dalam JKK JKM JHT JP,0.95,dikutip,BPJS Ketenagakerjaan menyelenggarakan JKK JHT JP dan JKM,-
KIA-CUTI-KEGUGURAN,KIA,UU-4-2024,Pasal 4 ayat (3)b,ktn:KetentuanCutiKeguguran,KetentuanKIA,Ibu mengalami keguguran,"Istirahat 1,5 bulan atau sesuai surat keterangan dokter",0.95,dikutip,"waktu istirahat 1,5 bulan atau sesuai surat keterangan dokter",-
KIA-CUTI-MELAHIRKAN,KIA,UU-4-2024,Pasal 4 ayat (3)a,ktn:KetentuanCutiMelahirkan,KetentuanKIA,Ibu bekerja melahirkan,"Cuti paling singkat 3 bulan, dapat ditambah 3 bulan bila kondisi khusus",0.95,dikutip,paling singkat 3 bulan pertama dan paling lama 3 bulan berikutnya,-
KIA-CUTI-PENDAMPINGAN-SUAMI,KIA,UU-4-2024,Pasal 6 ayat (2)a,ktn:KetentuanCutiPendampinganSuami,KetentuanKIA,Suami mendampingi persalinan,Cuti 2 hari dapat ditambah paling lama 3 hari,0.95,dikutip,masa persalinan selama 2 hari dan dapat diberikan paling lama 3 hari berikutnya,-
KIA-LARANGAN-PHK,KIA,UU-4-2024,Pasal 5 ayat (1),ktn:KetentuanLaranganPHKKIA,KetentuanKIA,Ibu melaksanakan hak cuti melahirkan atau keguguran,Tidak dapat diberhentikan dan tetap memperoleh haknya,0.95,dikutip,tidak dapat diberhentikan dari pekerjaannya dan tetap memperoleh haknya,-
KIA-MENYUSUI,KIA,UU-4-2024,Pasal 4 ayat (3)c,ktn:KetentuanMenyusui,KetentuanKIA,Ibu bekerja menyusui,Kesempatan dan fasilitas laktasi selama waktu kerja,0.95,dikutip,kesempatan dan fasilitas yang layak untuk pelayanan kesehatan dan gizi serta melakukan laktasi selama waktu kerja,-
KIA-UPAH-CUTI-MELAHIRKAN,KIA,UU-4-2024,Pasal 5 ayat (2),ktn:KetentuanUpahCutiMelahirkan,KetentuanKIA,Ibu menjalankan cuti melahirkan,"Upah penuh bulan 1 sampai 4, 75 persen bulan 5 dan 6",0.95,dikutip,secara penuh untuk 3 bulan pertama dan bulan keempat serta 75 persen untuk bulan kelima dan keenam,-
LEMBUR-BATAS-JAM,Lembur,UU-6-2023,Pasal 78 ayat (1)b,ktn:BatasJamLembur,KetentuanLembur,Kerja lembur,Maksimal 4 jam per hari dan 18 jam per minggu,0.95,dikutip,paling lama 4 jam dalam 1 hari dan 18 jam dalam 1 minggu,-
WAKTU-KERJA-5-HARI,WaktuKerja,UU-6-2023,Pasal 77,ktn:WaktuKerja5Hari,KetentuanWaktuKerja,5 hari kerja per minggu,8 jam per hari dan 40 jam per minggu,0.95,dikutip,8 jam 1 hari dan 40 jam 1 minggu untuk 5 hari kerja,-
WAKTU-KERJA-6-HARI,WaktuKerja,UU-6-2023,Pasal 77,ktn:WaktuKerja6Hari,KetentuanWaktuKerja,6 hari kerja per minggu,7 jam per hari dan 40 jam per minggu,0.95,dikutip,7 jam 1 hari dan 40 jam 1 minggu untuk 6 hari kerja,-
