dokumen_id,judul,jenis,nomor,tahun,sumber,status,diubah_oleh
PP-34-2021,Peraturan Pemerintah Nomor 34 Tahun 2021 tentang Penggunaan Tenaga Kerja Asing,PP,34,2021,https://peraturan.bpk.go.id/Details/161898/pp-no-34-tahun-2021,Berlaku,
PP-35-2021,"Peraturan Pemerintah Nomor 35 Tahun 2021 tentang Perjanjian Kerja Waktu Tertentu, Alih Daya, Waktu Kerja dan Waktu Istirahat, dan Pemutusan Hubungan Kerja",PP,35,2021,https://peraturan.bpk.go.id/Details/161904/pp-no-35-tahun-2021,Berlaku,
PP-36-2021,Peraturan Pemerintah Nomor 36 Tahun 2021 tentang Pengupahan,PP,36,2021,https://peraturan.bpk.go.id/Details/161909/pp-no-36-tahun-2021,Diubah,PP-51-2023
PP-37-2021,Peraturan Pemerintah Nomor 37 Tahun 2021 tentang Penyelenggaraan Program Jaminan Kehilangan Pekerjaan,PP,37,2021,https://peraturan.bpk.go.id/Details/161919/pp-no-37-tahun-2021,Berlaku,
PP-44-2015,Peraturan Pemerintah Nomor 44 Tahun 2015 tentang Penyelenggaraan Program Jaminan Kecelakaan Kerja dan Jaminan Kematian,PP,44,2015,https://peraturan.bpk.go.id/Details/5612/pp-no-44-tahun-2015,Berlaku,
PP-45-2015,Peraturan Pemerintah Nomor 45 Tahun 2015 tentang Penyelenggaraan Program Jaminan Pensiun,PP,45,2015,https://peraturan.bpk.go.id/Details/5613/pp-no-45-tahun-2015,Berlaku,
PP-46-2015,Peraturan Pemerintah Nomor 46 Tahun 2015 tentang Penyelenggaraan Program Jaminan Hari Tua,PP,46,2015,https://peraturan.bpk.go.id/Details/5614/pp-no-46-tahun-2015,Berlaku,
PP-49-2025,Peraturan Pemerintah Nomor 49 Tahun 2025 tentang Perubahan Kedua atas Peraturan Pemerintah Nomor 36 Tahun 2021 tentang Pengupahan,PP,49,2025,https://peraturan.bpk.go.id/Details/339037/pp-no-49-tahun-2025,Berlaku,
PP-51-2023,Peraturan Pemerintah Nomor 51 Tahun 2023 tentang Perubahan atas Peraturan Pemerintah Nomor 36 Tahun 2021 tentang Pengupahan,PP,51,2023,https://peraturan.bpk.go.id/Details/270269/pp-no-51-tahun-2023,Diubah,PP-49-2025
UU-13-2003,Undang-Undang Nomor 13 Tahun 2003 tentang Ketenagakerjaan,UU,13,2003,https://peraturan.bpk.go.id/Details/43013/uu-no-13-tahun-2003,Berlaku,UU-6-2023
UU-24-2011,Undang-Undang Nomor 24 Tahun 2011 tentang Badan Penyelenggara Jaminan Sosial,UU,24,2011,https://peraturan.bpk.go.id/Details/39268/uu-no-24-tahun-2011,Diubah,UU-6-2023
UU-4-2024,Undang-Undang Nomor 4 Tahun 2024 tentang Kesejahteraan Ibu dan Anak pada Fase Seribu Hari Pertama Kehidupan,UU,4,2024,https://peraturan.bpk.go.id/Details/289997/uu-no-4-tahun-2024,Berlaku,
UU-6-2023,Undang-Undang Nomor 6 Tahun 2023 tentang Penetapan Peraturan Pemerintah Pengganti Undang-Undang Nomor 2 Tahun 2022 tentang Cipta Kerja menjadi Undang-Undang,UU,6,2023,https://peraturan.bpk.go.id/Details/246523/uu-no-6-tahun-2023,Berlaku,
